,ADA-USDT-SWAP,BNB-USDT-SWAP,BTC-USDT-SWAP,DOGE-USDT-SWAP,ETH-USDT-SWAP,MATIC-USDT-SWAP,XRP-USDT-SWAP
count,976.0,6.0,1093.0,880.0,1093.0,607.0,1093.0
mean,0.09942118756637579,3.7091928420620124,0.2256009767859812,-0.025722459091979524,0.44509107899669365,-0.05327533086953425,0.009314823753845541
std,1.809037546440755,0.6428817452543418,1.8252206412100598,1.5303168345403333,1.9395143278839666,1.6329339655940145,1.7585650119953318
min,-4.305708979993322,2.891410158310013,-5.270761384528063,-4.6095816929644045,-5.62899044075638,-3.88160672787556,-5.19604427480255
25%,-1.1066450324810861,3.4197108987834617,-0.8583108341312644,-1.023413108529688,-0.8319373482836514,-1.1496778379040398,-1.0574034081516985
50%,-0.10855744475044787,3.574208670222256,0.13935831871875554,-0.21912233169054635,0.3001035524427525,-0.0597126590515229,-0.10116896534964682
75%,1.1340381587432853,3.948865982571242,1.2597481520157168,0.8649528289311822,1.7309734612582188,1.0612913068759213,0.9777787193331074
max,7.022130060769024,4.773366158626115,7.018013876448878,6.119936737887455,6.5225041182636785,4.836675391508804,6.710252891855383
